ID,NATURE,TITLE,YEAR,AUTHOR,ORDER,ORDER_OK,ID_CNPQ
8664385553515842,COMPLETO,Análise teórico experimental de um posicionador pneumático,1996,"['Arno Bollmann', 'Eduardo Alves Portela Santos']","['1', '2']",2,"['', '8664385553515842']"
8664385553515842,COMPLETO,Análise de um servoposicionador com cilindro sem haste,1996,"['Arno Bollmann', 'Eduardo Alves Portela Santos']","['1', '2']",2,"['', '8664385553515842']"
8664385553515842,COMPLETO,Mechatronic design and supervisory control theory for fluid power applications,2001,"['Eduardo Alves Portela Santos', 'José Eduardo Ribeiro Cury', 'Victor Juliano De Negri']","['1', '2', '3']",1,"['8664385553515842', '', '2067627583462699']"
8664385553515842,COMPLETO,A computational model for supporting conceptual design of automatic systems,2001,"['Eduardo Alves Portela Santos', 'Victor Juliano De Negri', 'José Eduardo Ribeiro Cury']","['1', '2', '3']",1,"['8664385553515842', '2067627583462699', '']"
8664385553515842,COMPLETO,Síntese Modular do Controle Supervisório em Diagrama Escada para uma Célula de Manufatura,2001,"['Max Hering de Queiroz', 'Eduardo Alves Portela Santos', 'José Eduardo Ribeiro Cury']","['1', '2', '3']",2,"['2080900945781449', '8664385553515842', '']"
8664385553515842,COMPLETO,Modelagem das especificações operacionais de sistemas de manipulação e montagem automatizados,2003,"['Eduardo Alves Portela Santos', 'José Eduardo Ribeiro Cury', 'Victor Juliano De Negri']","['1', '2', '3']",1,"['8664385553515842', '', '2067627583462699']"
8664385553515842,COMPLETO,Reutilization of control software modules in design of automated manufacturing systems,2004,"['Eduardo Alves Portela Santos', 'Marco Antônio Busetti De Paula', 'Marcos Renato Da Silveira']","['1', '2', '3']",1,"['8664385553515842', '1328903662330792', '']"
8664385553515842,COMPLETO,An approach to the development cycle of automated manufacturing system,2004,"['Eduardo Alves Portela Santos', 'Marco Antônio Busetti De Paula', 'Marcos Renato Da Silveira']","['1', '2', '3']",1,"['8664385553515842', '1328903662330792', '']"
8664385553515842,COMPLETO,A methodology for modeling the control of a mechatronic manufacturing cell,2004,"['Eduardo Alves Portela Santos', 'Marco Antônio Busetti De Paula', 'Marcos Renato Da Silveira']","['1', '2', '3']",1,"['8664385553515842', '1328903662330792', '']"
8664385553515842,COMPLETO,Design and Implementation of a Low Cost Control System for a Manufacturing Cell,2004,"['Gilvan de Oliveira Costa', 'Brunno Tortelli', 'Eduardo Alves Portela Santos', 'Marco Antônio Busetti De Paula']","['1', '2', '3', '4']",3,"['8398937926143826', '8571808914401604', '8664385553515842', '1328903662330792']"
8664385553515842,COMPLETO,Projeto de uma Base de Especificações Operacionais para Sistemas Automatizados de Manufatura,2004,"['Eduardo Alves Portela Santos', 'José Eduardo Ribeiro Cury', 'Victor Juliano De Negri']","['1', '2', '3']",1,"['8664385553515842', '', '2067627583462699']"
8664385553515842,COMPLETO,Modeling the Control of a Discrete Event Manufacturing Cell,2004,"['Eduardo Alves Portela Santos', 'Marco Antônio Busetti De Paula']","['1', '2']",1,"['8664385553515842', '1328903662330792']"
8664385553515842,COMPLETO,Modeling and Analysis of Servo-Hydraulic Positioning Mechanisms In: Conferência Internacional de Aplicações Industriais,2004,"['Giovanni Pedron', 'Gustavo H C Oliveira', 'Eduardo Alves Portela Santos']","['1', '2', '3']",3,"['', '', '8664385553515842']"
8664385553515842,COMPLETO,An integrated design methodolgy for automated mananufacturing systems,2004,"['Eduardo Alves Portela Santos', 'Marco Antônio Busetti De Paula']","['1', '2']",1,"['8664385553515842', '1328903662330792']"
8664385553515842,COMPLETO,VIEnCod - Uma plataforma computacional para a otimização do ciclo de desenvolvimento de sistemas automatizados de manufatura,2004,"['Gilvan de Oliveira Costa', 'Marco Antônio Busetti De Paula', 'Eduardo Alves Portela Santos']","['1', '2', '3']",3,"['8398937926143826', '1328903662330792', '8664385553515842']"
8664385553515842,COMPLETO,Cost based implementation of modular supervisory control theory,2005,"['Gilvan de Oliveira Costa', 'Eduardo Alves Portela Santos', 'Marco Antônio Busetti De Paula']","['1', '2', '3']",2,"['8398937926143826', '8664385553515842', '1328903662330792']"
8664385553515842,COMPLETO,Redudant information analysis in a decomposed petri net model,2005,"['Marcos Renato Da Silveira', 'Michel Combacau', 'Eduardo Alves Portela Santos']","['1', '2', '3']",3,"['', '', '8664385553515842']"
8664385553515842,COMPLETO,Control Synthesis and Implementation for an Integrated Manufacturing System Based on Supervisory Control Theory,2006,"['Eduardo Alves Portela Santos', 'Marco Antônio Busetti De Paula', 'Agnelo Denis Vieira']","['1', '2', '3']",1,"['8664385553515842', '1328903662330792', '5135637585071745']"
8664385553515842,COMPLETO,Controle de um Sistema Integrado de Manufatura Baseado na Teoria de Controle Supervisório,2006,"['Eduardo Alves Portela Santos', 'Agnelo Denis Vieira', 'Marco Antônio Busetti De Paula']","['1', '2', '3']",1,"['8664385553515842', '5135637585071745', '1328903662330792']"
8664385553515842,COMPLETO,Ambiente computacional para o suporte a implantação de sistemas automatizados de manufatura,2006,"['Joana Closs Fonseca', 'Eduardo Titze', 'Marco Antônio Busetti De Paula', 'Eduardo Alves Portela Santos']","['1', '2', '3', '4']",4,"['', '', '1328903662330792', '8664385553515842']"
8664385553515842,COMPLETO,Maintenance integration in a modular supervision framework based on Petri net with objects. Application to a robot-driven flexible cell.,2006,"['Eduardo de Freitas Rocha Loures', 'Eduardo Alves Portela Santos', 'Marco Antônio Busetti De Paula']","['1', '2', '3']",2,"['5103490322445619', '8664385553515842', '1328903662330792']"
8664385553515842,COMPLETO,Maintenance integration in a modular supervision framework based on Petri net with objects,2006,"['Eduardo de Freitas Rocha Loures', 'Eduardo Alves Portela Santos', 'Marco Antônio Busetti De Paula']","['1', '2', '3']",2,"['5103490322445619', '8664385553515842', '1328903662330792']"
8664385553515842,COMPLETO,Application of the Supervisory Control Theory to Automated Systems of Multi-Product Manufacturing,2007,"['Daniel Balieiro', 'Agnelo Denis Vieira', 'Marco Antônio Busetti De Paula', 'Eduardo Alves Portela Santos']","['1', '2', '3', '4']",4,"['', '5135637585071745', '1328903662330792', '8664385553515842']"
8664385553515842,COMPLETO,Aplicação da Teoria de Controle Supervisório em Sistemas Automatizados de Manufatura Multi Produtos,2007,"['Daniel Balieiro', 'Agnelo Denis Vieira', 'Marco Antônio Busetti De Paula', 'Eduardo Alves Portela Santos']","['1', '2', '3', '4']",4,"['', '5135637585071745', '1328903662330792', '8664385553515842']"
8664385553515842,COMPLETO,Uma Abordagem Hibrida para o Controle de Sistemas de Manufatura baseada na Teoria de Controle Supervisorio e nas Redes de Petri Coloridas,2007,"['Jairo Cantillo', 'Eduardo de Freitas Rocha Loures', 'Marco Antônio Busetti De Paula', 'Eduardo Alves Portela Santos']","['1', '2', '3', '4']",4,"['', '5103490322445619', '1328903662330792', '8664385553515842']"
8664385553515842,COMPLETO,A hybrid approach for a Flexible Manufacturing System based on Supervisory Control Theory and Colored Petri Nets,2007,"['Jairo Cantillo', 'Eduardo de Freitas Rocha Loures', 'Marco Antônio Busetti De Paula', 'Eduardo Alves Portela Santos']","['1', '2', '3', '4']",4,"['', '5103490322445619', '1328903662330792', '8664385553515842']"
8664385553515842,COMPLETO,Gestão de Controle Acadêmico: mapeamento do conhecimento e modelagem através de Redes de Petri,2007,"['Marcos Muller', 'Eduardo de Freitas Rocha Loures', 'Eduardo Alves Portela Santos', 'Marco Antônio Busetti De Paula']","['1', '2', '3', '4']",3,"['', '5103490322445619', '8664385553515842', '1328903662330792']"
8664385553515842,COMPLETO,A Hybrid Control Architecture Applied to Flexible Manufacturing Systems,2008,"['Jairo Cantillo', 'Marco Antônio Busetti De Paula', 'Eduardo de Freitas Rocha Loures', 'Eduardo Alves Portela Santos']","['1', '2', '3', '4']",4,"['', '1328903662330792', '5103490322445619', '']"
8664385553515842,COMPLETO,An Implementation Environment for Reconfigurable Manufacturing Systems,2008,"['Ricardo Alexandre Diogo', 'Carlos Alberto Vicari', 'Eduardo de Freitas Rocha Loures', 'Marco Antônio Busetti De Paula', 'Eduardo Alves Portela Santos']","['1', '2', '3', '4', '5']",5,"['2534420770758172', '0435082585184056', '5103490322445619', '1328903662330792', '']"
8664385553515842,COMPLETO,Production Process Efficiency Analysis: an approach based on Colored Petri Nets,2008,"['Nilson Bastos Júnior', 'Eduardo de Freitas Rocha Loures', 'Marco Antônio Busetti De Paula', 'Eduardo Alves Portela Santos']","['1', '2', '3', '4']",4,"['', '5103490322445619', '1328903662330792', '']"
8664385553515842,COMPLETO,"Application of the Supervisory Control Theory in the Project of a Robot-Centered, Variable Routed System Controller",2008,"['Daniel Balieiro', 'Agnelo Denis Vieira', 'Marco Antônio Busetti De Paula', 'Eduardo Alves Portela Santos']","['1', '2', '3', '4']",4,"['', '5135637585071745', '1328903662330792', '']"
8664385553515842,COMPLETO,Proposal of an Industrial Information System Model for Automatic Performance Evaluation,2008,"['Fernando Deschamps', 'Eduardo de Freitas Rocha Loures', 'Eduardo Alves Portela Santos', 'Marco Antônio Busetti De Paula']","['1', '2', '3', '4']",3,"['3858815340688388', '5103490322445619', '', '1328903662330792']"
8664385553515842,COMPLETO,Um Ambiente Computacional de Suporte a Implementacao de Controladores para Sistemas de Manufatura,2008,"['Ricardo Alexandre Diogo', 'Carlos Alberto Vicari', 'Eduardo de Freitas Rocha Loures', 'Marco Antônio Busetti De Paula', 'Eduardo Alves Portela Santos']","['1', '2', '3', '4', '5']",5,"['2534420770758172', '0435082585184056', '5103490322445619', '1328903662330792', '']"
8664385553515842,COMPLETO,Aplicacao da Teoria de Controle Supervisorio no Projeto de um Controlador de um Sistema de Rota Variavel Centrado em Robo,2008,"['Daniel Balieiro', 'Agnelo Denis Vieira', 'Marco Antônio Busetti De Paula', 'Eduardo Alves Portela Santos']","['1', '2', '3', '4']",4,"['', '5135637585071745', '1328903662330792', '']"
8664385553515842,COMPLETO,Proposal of a model for a factory information system for automatic performance evaluation,2008,"['Eduardo Alves Portela Santos', 'Eduardo de Freitas Rocha Loures', 'Fernando Deschamps', 'Marco Antônio Busetti De Paula']","['1', '2', '3', '4']",1,"['', '5103490322445619', '3858815340688388', '1328903662330792']"
8664385553515842,COMPLETO,Uso das notações EPC e BPMN na modelagem de um sistema de gerenciamento de anomalias,2008,"['Rosemary Francisco', 'Luiz Roberto Castilho Junior', 'Eduardo de Freitas Rocha Loures', 'Eduardo Alves Portela Santos']","['1', '2', '3', '4']",4,"['', '2396165356214360', '5103490322445619', '']"
8664385553515842,COMPLETO,Modelagem e simulação de processos de negócio em uma clínica médica,2009,"['Fernando Deschamps', 'Eduardo de Freitas Rocha Loures', 'Eduardo Alves Portela Santos', 'Wolff Juharz']","['1', '2', '3', '4']",3,"['3858815340688388', '5103490322445619', '', '']"
8664385553515842,COMPLETO,Monitorando processos com uma arquitetura orientada a serviços: Uma aplicação no processo de gestão da produção,2010,"['Rosemary Francisco', 'Eduardo Alves Portela Santos', 'Maria Alexandra Cunha']","['1', '2', '3']",2,"['', '', '']"
8664385553515842,COMPLETO,Novo modelo híbrido: Contribuição do business process management e six sigma ao balanced scorecard,2009,"['Marco Antonio Busetti de Paula', 'Eduardo de Freitas Rocha Loures', 'Eduardo Alves Portela Santos', 'Sebastião Ribeiro Soares']","['1', '2', '3', '4']",3,"['1328903662330792', '5103490322445619', '', '']"
8664385553515842,COMPLETO,O Detalhamento do Processo de Desenvolvimento de Produto Integrado ao Gerenciamento do Processo de Negócio (BPM),2009,"['Luiz Roberto Castilho Junior', 'Eduardo de Freitas Rocha Loures', 'Eduardo Alves Portela Santos']","['1', '2', '3']",3,"['2396165356214360', '5103490322445619', '']"
8664385553515842,COMPLETO,Traduzindo a definição de processo em XPDL para modelos em Redes de Petri,2009,"['Marco Antonio Busetti de Paula', 'Fernando Deschamps', 'Rosemary Francisco', 'Eduardo de Freitas Rocha Loures', 'Eduardo Alves Portela Santos']","['1', '2', '3', '4', '5']",5,"['1328903662330792', '3858815340688388', '', '5103490322445619', '']"
8664385553515842,COMPLETO,Estudo do impacto do OEE de processos produtivos no mix ótimo de produção,2010,"['Rodrigo Pierezan', 'Fernando Deschamps', 'Eduardo Alves Portela Santos', 'Eduardo de Freitas Rocha Loures', 'Marco Antonio Busetti de Paula']","['1', '2', '3', '4', '5']",3,"['8569289263658744', '3858815340688388', '', '5103490322445619', '1328903662330792']"
8664385553515842,COMPLETO,Process efficiency analisys: An approach applied in manufatuiring industry,2011,"['Marco Antonio Busetti de Paula', 'Eduardo de Freitas Rocha Loures', 'Eduardo Alves Portela Santos', 'Diogo Cardoso Rego', 'André Alves Portela Santos']","['1', '2', '3', '4', '5']",3,"['1328903662330792', '5103490322445619', '', '', '4718218268616486']"
8664385553515842,COMPLETO,Machine simulation for operational decision support using colored Petri nets,2011,"['Rodrigo Pierezan', 'Eduardo Alves Portela Santos', 'Eduardo de Freitas Rocha Loures', 'Marco Antonio Busetti de Paula', 'Lucas Roberto Ferreira']","['1', '2', '3', '4', '5']",2,"['8569289263658744', '', '5103490322445619', '1328903662330792', '']"
8664385553515842,COMPLETO,Modeling Business Rules for Supervisory Control of Process-Aware Information Systems,2011,"['Rosemary Francisco', 'Eduardo Alves Portela Santos', 'Agnelo Denis Vieira', 'Eduardo de Freitas Rocha Loures', 'Marco Antonio Busetti de Paula']","['1', '2', '3', '4', '5']",2,"['', '', '5135637585071745', '5103490322445619', '1328903662330792']"
8664385553515842,COMPLETO,Controle supervisório no gerenciamento de processos de negócio,2011,"['Rosemary Francisco', 'Eduardo Alves Portela Santos', 'Agnelo Denis Vieira', 'Eduardo de Freitas Rocha Loures', 'Marco Antonio Busetti de Paula']","['1', '2', '3', '4', '5']",2,"['', '', '5135637585071745', '5103490322445619', '1328903662330792']"
8664385553515842,COMPLETO,Mineração de processos para a identificação de padrões de falhas para a racionalização de alarmes,2012,"['Eduardo Alves Portela Santos', 'Eduardo de Freitas Rocha Loures', 'Ricardo Eiji Kondo', 'Carmela Maria P Braga']","['1', '2', '3', '4']",1,"['', '5103490322445619', '', '']"
8664385553515842,COMPLETO,Characterization of process-related models for enterprise engineering,2012,"['Fernando Deschamps', 'Eduardo de Freitas Rocha Loures', 'Eduardo Alves Portela Santos', 'Edson Pinheiro de Lima']","['1', '2', '3', '4']",3,"['3858815340688388', '5103490322445619', '', '7304491503357135']"
8664385553515842,COMPLETO,Process Mining for Alarm Rationalization and Fault Patterns Identification,2012,"['Eduardo Alves Portela Santos', 'Eduardo de Freitas Rocha Loures', 'Ricardo Eiji Kondo']","['1', '2', '3']",1,"['', '5103490322445619', '']"
8664385553515842,COMPLETO,Quantitative benefits of model-based improvement in a SME unit,2012,"['Arthur do Valle Neto', 'José Marcelo Cestari', 'Edson Pinheiro de Lima', 'Eduardo Alves Portela Santos']","['1', '2', '3', '4']",4,"['', '', '7304491503357135', '']"
8664385553515842,COMPLETO,"Business appraisal, organizational diagnosis or best practice benchmarking?",2012,"['Arthur do Valle Neto', 'Eduardo Alves Portela Santos']","['1', '2']",2,"['', '']"
8664385553515842,COMPLETO,Business performance appraisals using best practice benchmarking,2012,"['Arthur do Valle Neto', 'Eduardo Alves Portela Santos']","['1', '2']",2,"['', '']"
8664385553515842,COMPLETO,Gerenciamento de Processos de Negócio Não Estruturados - Implementação baseada em LTL,2012,"['Sauro Schaidt', 'Eduardo de Freitas Rocha Loures', 'Eduardo Alves Portela Santos']","['1', '2', '3']",3,"['', '5103490322445619', '']"
8664385553515842,COMPLETO,Modelo de aplicação da MCC em sistemas industriais,2012,"['Flávio Piechnicki', 'Eduardo de Freitas Rocha Loures', 'Eduardo Alves Portela Santos']","['1', '2', '3']",3,"['', '5103490322445619', '']"
8664385553515842,COMPLETO,Processos Baseados em Restrições: Uma Aplicação da Teoria de Controle Supervisório,2013,"['Sauro Schaidt', 'Agnelo Denis Vieira', 'Eduardo de Freitas Rocha Loures', 'Eduardo Alves Portela Santos']","['1', '2', '3', '4']",4,"['', '5135637585071745', '5103490322445619', '']"
8664385553515842,COMPLETO,Control and Supervision Function Reference Model and Auditing,2013,"['Fernando Deschamps', 'Kenji Philip Higashi', 'Willian Giordani da Silveira', 'Edson Pinheiro de Lima', 'Eduardo Alves Portela Santos']","['1', '2', '3', '4', '5']",5,"['3858815340688388', '', '', '7304491503357135', '']"
8664385553515842,COMPLETO,Development of Enterprise Engineering Guidelines for Enterprise Diagnosis and Design,2013,"['Fernando Deschamps', 'Edson Pinheiro de Lima', 'Sergio Eduardo Gouvea da Costa', 'Eduardo Alves Portela Santos', 'Eileen Van Aken']","['1', '2', '3', '4', '5']",4,"['3858815340688388', '7304491503357135', '', '', '']"
8664385553515842,COMPLETO,Requirements for an Organizational Architecture for Pulp and Paper Industry,2013,"['Giovani Bordini', 'Eduardo Alves Portela Santos', 'Eduardo de Freitas Rocha Loures']","['1', '2', '3']",2,"['', '', '5103490322445619']"
8664385553515842,COMPLETO,An Overview of Enterprise Interoperability Assessment,2013,"['Jose Marcelo Almeida Prado Cestari', 'Eduardo Alves Portela Santos', 'Eduardo de Freitas Rocha Loures']","['1', '2', '3']",2,"['', '', '5103490322445619']"
8664385553515842,COMPLETO,Framework for Shutdown Maintenance Management,2013,"['Sandro de Paula Pires', 'Rui Marçal', 'Eduardo Alves Portela Santos', 'Eduardo de Freitas Rocha Loures']","['1', '2', '3', '4']",3,"['', '', '', '5103490322445619']"
8664385553515842,COMPLETO,A Research Strategy for Public Administration Interoperability Assessment,2014,"['Cestari, José Marcelo A. P.', 'Eduardo de Freitas Rocha Loures', 'Eduardo Alves Portela Santos', 'Mario Lezoche']","['1', '2', '3', '4']",3,"['', '5103490322445619', '', '']"
8664385553515842,COMPLETO,Enhancing flexibility in business process management using declarative languages,2014,"['Sauro Schaidt', 'Gustavo Dering Barddal', 'Eduardo Alves Portela Santos', 'Eduardo de Freitas Rocha Loures', 'Cestari, José Marcelo A. P.']","['1', '2', '3', '4', '5']",3,"['', '', '', '5103490322445619', '']"
8664385553515842,COMPLETO,Modelagem de processos baseados em restrições: uma comparação entre abordagens declarativas,2014,"['Sauro Schaidt', 'Gustavo Dering Barddal', 'Agnelo Denis Vieira', 'Eduardo de Freitas Rocha Loures', 'Eduardo Alves Portela Santos']","['1', '2', '3', '4', '5']",5,"['', '', '', '5103490322445619', '']"
8664385553515842,COMPLETO,Framework for applying Process Mining techniques in Software Process Assessments,2014,"['Arthur do Valle Neto', 'Eduardo Alves Portela Santos', 'Eduardo de Freitas Rocha Loures', 'Cestari, José Marcelo A. P.']","['1', '2', '3', '4']",2,"['', '', '5103490322445619', '']"
8664385553515842,COMPLETO,A Method for eGovernment concepts Interoperability Assessment,2014,"['Cestari, José Marcelo A. P.', 'Mario Lezoche', 'Eduardo de Freitas Rocha Loures', 'Hervé Panetto', 'Eduardo Alves Portela Santos']","['1', '2', '3', '4', '5']",5,"['', '', '5103490322445619', '', '']"
8664385553515842,COMPLETO,Proposta de abordagem para estimar a condição e curca P-F de equipamentos utilizando fatores do OEE,2014,"['Rolando Jacyr Kurscheidt Netto', 'Eduardo Alves Portela Santos', 'Eduardo de Freitas Rocha Loures', 'Rodrigo Pierezan']","['1', '2', '3', '4']",2,"['', '', '5103490322445619', '8569289263658744']"
8664385553515842,COMPLETO,"Uma abordagem FMEA integrando Delphi, AHP e BPM",2014,"['Julio Cesar Battirola Filho', 'Eduardo de Freitas Rocha Loures', 'Eduardo Alves Portela Santos']","['1', '2', '3']",3,"['', '5103490322445619', '']"
8664385553515842,COMPLETO,Avaliação da interoperabilidade na qualificação de fornecedores na cadeia de suprimentos automotiva - uma visão conceitual baseada no método AHP,2014,"['Giovani Bordini', 'Eduardo de Freitas Rocha Loures', 'Eduardo Alves Portela Santos']","['1', '2', '3']",3,"['', '5103490322445619', '']"
8664385553515842,COMPLETO,Applying process mining in healthcare process management,2014,"['Eduardo Alves Portela Santos', 'Fernando Deschamps', 'Silvana Pereira Detro', 'Agnelo Denis Vieira', 'Sérgio Ioshii']","['1', '2', '3', '4', '5']",1,"['', '3858815340688388', '', '', '']"
8664385553515842,COMPLETO,Structure and content of a framework to apply process mining techniques in SCAMPI assessments,2014,"['Arthur do Valle Neto', 'Eduardo Alves Portela Santos', 'Eduardo de Freitas Rocha Loures', 'Fernando Deschamps']","['1', '2', '3', '4']",2,"['', '', '5103490322445619', '3858815340688388']"
8664385553515842,COMPLETO,Knowlegde management for sustainable performance in industrial maintenance,2015,"['Olivier Senechal', 'Eduardo de Freitas Rocha Loures', 'Eduardo Alves Portela Santos', 'José Marcelo Cestari']","['1', '2', '3', '4']",3,"['', '5103490322445619', '', '']"
8664385553515842,COMPLETO,A Methodology for Discovering Bayesian Networks Based on Process Mining,2015,"['Rolando Jacyr Kurscheidt Netto', 'Eduardo Alves Portela Santos', 'Eduardo de Freitas Rocha Loures', 'José Eduardo Pécora Junior', 'José Marcelo Cestari']","['1', '2', '3', '4', '5']",2,"['', '', '5103490322445619', '', '']"
8664385553515842,COMPLETO,Using Overall Equipment Effectiveness (OEE) to predict shutdown maintenance,2015,"['Rolando Jacyr Kurscheidt Netto', 'Eduardo Alves Portela Santos', 'Eduardo de Freitas Rocha Loures', 'Rodrigo Pierezan']","['1', '2', '3', '4']",2,"['', '', '5103490322445619', '8569289263658744']"
8664385553515842,COMPLETO,Discovering Bayesian Networks using Process Mining: an Application in Manufacturing,2015,"['Rolando Jacyr Kurscheidt Netto', 'Eduardo Alves Portela Santos', 'Eduardo de Freitas Rocha Loures', 'José Eduardo Pécora Junior']","['1', '2', '3', '4']",2,"['', '', '5103490322445619', '']"
8664385553515842,COMPLETO,Performance Measurement Systems for designing and managing Interoperability Performance Measures: A literature analysis,2015,"['Alexandre Costa Castro', 'José Marcelo Cestari', 'Eduardo de Freitas Rocha Loures', 'Edson Pinheiro de Lima', 'Eduardo Alves Portela Santos']","['1', '2', '3', '4', '5']",5,"['', '', '5103490322445619', '7304491503357135', '']"
8664385553515842,COMPLETO,Interoperability Frameworks in Public Administration Domain: Focus on Enterprise Assessment,2015,"['Alexandre Costa Castro', 'José Marcelo Cestari', 'Eduardo de Freitas Rocha Loures', 'Edson Pinheiro de Lima', 'Eduardo Alves Portela Santos']","['1', '2', '3', '4', '5']",5,"['', '', '5103490322445619', '7304491503357135', '']"
8664385553515842,COMPLETO,Restrições no uso da Informação de Chão de Fabrica na Gestão da Manutenção,2015,"['Rolando Jacyr Kurscheidt Netto', 'Eduardo Alves Portela Santos', 'Eduardo de Freitas Rocha Loures']","['1', '2', '3']",2,"['', '', '5103490322445619']"
8664385553515842,COMPLETO,Sustainable performance: a paradigm inducing new needs of interoperability between maintenance and scheduling activities in manufacturing,2015,"['Olivier Senechal', 'D TRENTESAUX', 'Sandro de Paula Pires', 'Eduardo de Freitas Rocha Loures', 'Eduardo Alves Portela Santos']","['1', '2', '3', '4', '5']",5,"['', '', '', '5103490322445619', '']"
8664385553515842,COMPLETO,Enhancing Semantic Interoperability in Healthcare using Semantic Process Mining,2016,"['Silvana Pereira Detro', 'Dmitry Morozov', 'Mario Lezoche', 'Hervé Panetto', 'Eduardo Alves Portela Santos', 'Milan Zdravkovic']","['1', '2', '3', '4', '5', '6']",5,"['', '', '', '', '', '']"
8664385553515842,COMPLETO,Análise de Conformidade na Área de Saúde com o Suporte da Mineração de Processos,2016,"['Gustavo Riz', 'Eduardo Alves Portela Santos', 'Eduardo de Freitas Rocha Loures']","['1', '2', '3']",2,"['', '', '5103490322445619']"
8664385553515842,COMPLETO,Interoperability Assessment Approach in Cancer Healthcare,2016,"['Victor Ricardo Scuissiatto', 'Eduardo Alves Portela Santos', 'Eduardo de Freitas Rocha Loures']","['1', '2', '3']",2,"['', '', '5103490322445619']"
8664385553515842,COMPLETO,Metodologia de ana&#769;lise diagno&#769;stica de um processo produtivo para suporte nas gesto&#771;es de produc&#807;a&#771;o e manutenc&#807;a&#771;o,2016,"['Edson Ruschel', 'Eduardo Alves Portela Santos', 'Eduardo de Freitas Rocha Loures']","['1', '2', '3']",2,"['', '', '5103490322445619']"
8664385553515842,COMPLETO,Tomada de decisa&#771;o na manutenc&#807;a&#771;o industrial: uma revisa&#771;o sistema&#769;tica da literatura,2016,"['Edson Ruschel', 'Eduardo Alves Portela Santos', 'Eduardo de Freitas Rocha Loures']","['1', '2', '3']",2,"['', '', '5103490322445619']"
8664385553515842,COMPLETO,Análise de conformidade em saúde,2016,"['Sariah Ester Torno Mourão', 'Ricardo Mendes Júnior', 'José Eduardo Pécora Junior', 'Eduardo Alves Portela Santos', 'Adriana de Paula Lacerda Santos']","['1', '2', '3', '4', '5']",4,"['', '', '', '', '']"
8664385553515842,COMPLETO,Performance Measurement Systems in Nonprofit Organization: A Bibliometric Analysis,2016,"['Juliano Munik', 'Jose Marcelo Almeida Prado Cestari', 'Fernando Deschamps', 'Edson Pinheiro de Lima', 'SÉRGIO EDUARDO GOUVEA DA COSTA', 'Eduardo Alves Portela Santos', 'EILEEN VAN AKEN']","['1', '2', '3', '4', '5', '6', '7']",6,"['', '', '3858815340688388', '', '', '', '']"
8664385553515842,COMPLETO,Process Mining to Knowledge Discovery in Healthcare Processes,2016,"['Gustavo Riz', 'Eduardo Alves Portela Santos', 'Eduardo de Freitas Rocha Loures']","['1', '2', '3']",2,"['', '', '5103490322445619']"
8664385553515842,COMPLETO,Mining Shop-Floor Data for Preventive Maintenance Management: Integrating Probabilistic and Predictive Models,2017,"['Edson Ruschel', 'Eduardo Alves Portela Santos', 'Eduardo de Freitas Rocha Loures']","['1', '2', '3']",2,"['', '', '5103490322445619']"
8664385553515842,COMPLETO,A conceptual framework of knowledge conciliation to decision making support in RCM deployment,2017,"['Flávio Piechnicki', 'Eduardo de Freitas Rocha Loures', 'Eduardo Alves Portela Santos']","['1', '2', '3']",3,"['', '5103490322445619', '']"
8664385553515842,COMPLETO,"Mapping the conceptual relationship among data analysis, knowledge generation and decision-making in industrial processes",2017,"['Cleiton Ferreira dos Santos', 'Flávio Piechnicki', 'Eduardo de Freitas Rocha Loures', 'Eduardo Alves Portela Santos']","['1', '2', '3', '4']",4,"['', '', '5103490322445619', '']"
8664385553515842,COMPLETO,?Process Mining Projects: A Case Study in a Software Development Enterprise,2017,"['Rafael Araujo Kluska', 'Marco Antonio Archanjo', 'Fernando Deschamps', 'Eduardo Alves Portela Santos']","['1', '2', '3', '4']",4,"['', '', '3858815340688388', '']"
8664385553515842,COMPLETO,Application of process mining in after-sales on an automotive industry,2017,"['DANILO ORION VALERIO', 'Eduardo Alves Portela Santos', 'Eduardo de Freitas Rocha Loures', 'Jose Marcelo Almeida Prado Cestari']","['1', '2', '3', '4']",2,"['', '', '5103490322445619', '']"
8664385553515842,COMPLETO,Scenario priorization for automotive assembly system simulation: an approach based on AHP,2017,"['KARINA AMARAL STRAUB', 'Eduardo Alves Portela Santos', 'Eduardo de Freitas Rocha Loures', 'Jose Marcelo Almeida Prado Cestari']","['1', '2', '3', '4']",2,"['', '', '5103490322445619', '']"
8664385553515842,COMPLETO,Application of process mining in industry maintenance: structuring an approach for the analysis of equipment stops,2017,"['Reginaldo Borges', 'Eduardo Alves Portela Santos', 'Eduardo de Freitas Rocha Loures', 'Jose Marcelo Almeida Prado Cestari']","['1', '2', '3', '4']",2,"['', '', '5103490322445619', '']"
8664385553515842,COMPLETO,Análise de conformidades no processo de fabricação em Light Wood Framing: uma abordagem baseada em mineração de processos,2017,"['NICOLLE CHRISTINE SOTSEK', 'JANILCE DOS SANTOS NEGRÃO MESSIAS', 'Eduardo Alves Portela Santos', 'Adriana de Paula Lacerda Santos']","['1', '2', '3', '4']",3,"['', '', '', '']"
8664385553515842,COMPLETO,Análise do processo de inspeção de pontes utilizando a mineração de processos,2017,"['EDUARDA LAUCK MACHADO', 'Eduardo Alves Portela Santos', 'Adriana de Paula Lacerda Santos']","['1', '2', '3']",2,"['', '', '']"
8664385553515842,COMPLETO,Proposta de uma estrutura de simulação de curto prazo baseada em mineração de processos para suporte a gestão da saúde,2017,"['FABIO PEGORARO', 'Eduardo Alves Portela Santos']","['1', '2']",2,"['', '']"
8664385553515842,COMPLETO,Mineração de processos em atendimentos de acidente vascular cerebral,2018,"['Letícia Kist Mantovani', 'Cláudia Moro', 'Lilian Mie Mukai Cintho', 'Eduardo Alves Portela Santos']","['1', '2', '3', '4']",4,"['', '', '', '']"
8664385553515842,COMPLETO,Uma metodologia para análise do pós-venda baseada em mineração de processos,2018,"['DANILO ORION VALERIO', 'Eduardo Alves Portela Santos', 'Eduardo de Freitas Rocha Loures']","['1', '2', '3']",2,"['', '', '5103490322445619']"
8664385553515842,COMPLETO,Modelo em redes de Petri Coloridas de um PCP para um sistema de cultivo controlado,2018,"['Ricardo Zanotto', 'Eduardo Alves Portela Santos', 'SALMO PUSTILNICK']","['1', '2', '3']",2,"['', '', '']"
8664385553515842,COMPLETO,Application of process mining in project management context: an exploratory case study in software development projects,2018,"['Marco Antonio Archanjo', 'Rafael Araujo Kluska', 'Fernando Deschamps', 'Eduardo Alves Portela Santos']","['1', '2', '3', '4']",4,"['', '', '3858815340688388', '']"
8664385553515842,COMPLETO,Framework de suporte à tomada de decisão em gestão de pronto socorro,2018,"['FABIO PEGORARO', 'Eduardo Alves Portela Santos', 'Eduardo de Freitas Rocha Loures', 'Gabriela Silva Dias', 'Renata Oliveira Coelho']","['1', '2', '3', '4', '5']",2,"['', '', '5103490322445619', '', '']"
8664385553515842,COMPLETO,Aplicações e benefícios da mineração de processos na saúde,2018,"['Gustavo Bernardi Pereira', 'Eduardo Alves Portela Santos', 'Marcell Mariano Corrêa Maceno']","['1', '2', '3']",2,"['', '', '']"
8664385553515842,COMPLETO,Suporte a tomada de decisão para seleção de cenários utilizando AHP e simulação: um estudo de caso em uma indústria automotiva,2019,"['Lícia Cristina de Paula Santos', 'Eduardo Alves Portela Santos', 'Loures, Eduardo F.R.']","['1', '2', '3']",2,"['', '', '']"
8664385553515842,COMPLETO,Avaliação da gestão da segurança funcional de máquinas na indústria automotiva sob a ótica da interoperabilidade,2019,"['Marcio Lazai Junior', 'Eduardo de Freitas Rocha Loures', 'Eduardo Alves Portela Santos', 'Anderson Luis Szejka']","['1', '2', '3', '4']",3,"['', '5103490322445619', '', '']"
8664385553515842,COMPLETO,Um framework de apoio a decisão na gestão de pronto socorro,2019,"['FABIO PEGORARO', 'Eduardo Alves Portela Santos', 'Eduardo de Freitas Rocha Loures', 'Marina Melegari Amarante']","['1', '2', '3', '4']",2,"['', '', '5103490322445619', '']"
8664385553515842,COMPLETO,Desenvolvimento e aplicação de modelo de maturidade para cadeia de suprimentos segmentada,2019,"['ANA JULIA HARADA KNESEBECK', 'DAPHNE LOUISE CARON DE OLIVEIRA', 'Eduardo Alves Portela Santos']","['1', '2', '3']",3,"['', '', '']"
8664385553515842,COMPLETO,"Proposta de um modelo de maturidade em múltiplas perspectivas: BPM, interoperabilidade e Lean/Six Sigma",2019,"['DEISE CRISTINA BUZZI FREGA', 'Eduardo Alves Portela Santos', 'Eduardo de Freitas Rocha Loures', 'José Roberto Frega']","['1', '2', '3', '4']",2,"['', '', '5103490322445619', '']"
8664385553515842,COMPLETO,Multi-Level Log XES format: A RAMI4.0 Perspective,2019,"['MAIORKI, HYGOR G.', 'Eduardo Alves Portela Santos', 'DE F. R. LOURES, EDUARDO']","['1', '2', '3']",2,"['', '', '']"
8664385553515842,COMPLETO,Getting Insights to Improve Business Processes with Agility: A Case Study Using Process Mining,2019,"['GARCIA, CLEITON DOS SANTOS', 'MEINCHEIM, ALEX', 'FILHO, FERNANDO C. GARCIA', 'Eduardo Alves Portela Santos', 'SCALABRIN, EDSON EMILIO']","['1', '2', '3', '4', '5']",4,"['', '', '', '', '']"
8664385553515842,COMPLETO,Evaluation of Distinct Evolutionary Algorithms Applied to PID-Tuning in Thermal Systems,2019,"['Ricardo Massao Kagami Zanotto', 'GILBERTO REYNOSO-MEZA', 'Eduardo Alves Portela Santos', 'Roberto Zanetti Freire']","['1', '2', '3', '4']",3,"['', '', '', '']"
8664385553515842,COMPLETO,Avaliação de Habilitadores Tecnológicos para a Tranformação Digital na Cadeia de Suprimentos Auomotiva,2019,"['Pedro Fernandes de Oliveira Gomes', 'Eduardo de Freitas Rocha Loures', 'Eduardo Alves Portela Santos']","['1', '2', '3']",3,"['', '5103490322445619', '']"
8664385553515842,COMPLETO,Industry 4.0 Through Organizational Interoperability Perspective: A Multicriteria Decision Analysis,2018,"['Gomes, Pedro F. O.', 'Giovani Bordini', 'Eduardo de Freitas Rocha Loures', 'Eduardo Alves Portela Santos']","['1', '2', '3', '4']",4,"['', '', '5103490322445619', '']"
8664385553515842,COMPLETO,Agile DMAIC Cycle: An Approach Based on Process Mining,2020,"['Renan Ribeiro do Prado', 'Wilson Portela Santos Junior', 'Márcio Fontana Catapan', 'Eduardo Alves Portela Santos']","['1', '2', '3', '4']",4,"['', '', '', '']"
8664385553515842,COMPLETO,Conformance checking with different levels of granularity: A case study on bariatric surgery,2020,"['Denise Sato', 'Sheila C. de Freitas', 'Marcelo R. Dallagassa', 'Edson Emilio Scalabrin', 'Eduardo Alves Portela Santos', 'Deborah Ribeiro Carvalho']","['1', '2', '3', '4', '5', '6']",5,"['', '', '', '', '', '']"
8664385553515842,COMPLETO,Atributos em modelos de maturidade para cadeias de suprimento inteligentes,2020,"['Gabriella Moreira', 'Lucas Coelho', 'Vinícius Comin', 'Silvana Pereira Detro', 'Eduardo Alves Portela Santos']","['1', '2', '3', '4', '5']",5,"['', '', '', '', '']"
8664385553515842,COMPLETO,Explorando lacunas em modelos de maturidade existentes para avaliação da cadeia de suprimentos inteligente ? uma revisão literária,2020,"['Adalberto dos Santos', 'Eduardo Alves Portela Santos', 'Silvana Pereira Detro']","['1', '2', '3']",2,"['', '', '']"
8664385553515842,COMPLETO,Digital Twin e PHM para Otimização de Níveis de Inventário,2020,"['Joceir Chaves', 'Eduardo de Freitas Rocha Loures', 'Eduardo Alves Portela Santos', 'Julio Silva', 'Ricardo Eiji Kondo']","['1', '2', '3', '4', '5']",3,"['', '5103490322445619', '', '', '']"
8664385553515842,COMPLETO,Diretrizes para projetos de IIoT em contexto CPS,2020,"['Julio Silva', 'Eduardo de Freitas Rocha Loures', 'Eduardo Alves Portela Santos', 'Ricardo Eiji Kondo', 'Joceir Chaves']","['1', '2', '3', '4', '5']",3,"['', '5103490322445619', '', '', '']"
8664385553515842,COMPLETO,Suporte a tomada de decisão em processos em saúde usando BPMN e DMN,2020,"['Pedro Antonio Boareto', 'Silvana Pereira Detro', 'Eduardo Alves Portela Santos']","['1', '2', '3']",3,"['', '', '']"
8664385553515842,COMPLETO,Process Mining and Value Stream Mapping: an incremental approach,2020,"['Mário Luis Nawcki', 'Gabriel Nogueira Zanon', 'Lícia Cristina de Paula Santos', 'Eduardo Alves Portela Santos', 'Anderson Luis Szejka', 'Edson Pinheiro de Lima']","['1', '2', '3', '4', '5', '6']",4,"['', '', '', '', '', '7304491503357135']"
8664385553515842,COMPLETO,Systematic Mapping Review on Log Preparation for Process Mining,2023,"['Luiz Fernando Puttow Southier', 'Sheila Cristiana De Freitas', 'Adriano Pizzini', 'Eduardo Alves Portela Santos', 'SCALABRIN, EDSON E.']","['1', '2', '3', '4', '5']",4,"['', '', '', '', '']"
8664385553515842,COMPLETO,Modelos de Maturidade em Compras na Gestão de Suprimentos: uma perspectiva bibliométrica,2022,"['Eloisa Cristina Freitas', 'Eduardo Alves Portela Santos']","['1', '2']",2,"['', '']"
8664385553515842,COMPLETO,Framework to Guide IIoT Projects Oriented Towards Growth in I4.0 Maturity Levels,2022,"['Julio Silva', 'LOURES, EDUARDO DE FREITAS ROCHA', 'Eduardo Alves Portela Santos']","['1', '2', '3']",3,"['', '', '']"
8664385553515842,COMPLETO,Prioritization of Spare Parts Purchase Orders Based on Asset Criticality in Manufacturing,2022,"['Joceir Chaves', 'Eduardo de Freitas Rocha Loures', 'Eduardo Alves Portela Santos']","['1', '2', '3']",3,"['', '5103490322445619', '']"
8664385553515842,COMPLETO,Design Principles of Digital Twin: A Process Mining Driven Approach,2022,"['Alef Berg Oliveira', 'Cleiton Ferreira dos Santos', 'Eduardo de Freitas Rocha Loures', 'Eduardo Alves Portela Santos']","['1', '2', '3', '4']",4,"['', '', '5103490322445619', '']"
8664385553515842,COMPLETO,Gestão de processos na administração pública: uma proposta de modelo de maturidade,2016,"['Nicole Alex Kloss', 'Jéssica Martins Defreyn', 'Eduardo Alves Portela Santos', 'José Eduardo Pécora Junior']","['1', '2', '3', '4']",3,"['', '', '', '']"
