ID,TITLE,SEQ_PROJ,YEAR,YEAR_FIN,NATURE,MEMBERS,COORDENA,ADDRESS_PPE_ENTERP,ADDRESS_PPE_ENTERP_CODE
8664385553515842,Mineração de processos para a análise e diagnóstico de processos de negócio.,1,2010,2022,PESQUISA,"['Eduardo Alves Portela Santos', 'Eduardo de Freitas Rocha Loures', 'Fernando Deschamps']","['SIM', 'NAO', 'NAO']",Pontifícia Universidade Católica do Paraná,020700000008
8664385553515842,VAZIO,VAZIO,VAZIO,VAZIO,VAZIO,VAZIO,VAZIO,Pontifícia Universidade Católica do Paraná,020700000008
8664385553515842,"Rede de Cooperação Acadêmica em Sistemas a Eventos Discretos, Sistemas Híbridos e Controle Robusto",2,2008,2013,PESQUISA,"['Eduardo Alves Portela Santos', 'José Eduardo Ribeiro Cury', 'Max Hering de Queiroz', 'Agnelo Denis Vieira', 'Eduardo de Freitas Rocha Loures']","['NAO', 'SIM', 'NAO', 'NAO', 'NAO']",Pontifícia Universidade Católica do Paraná,020700000008
8664385553515842,Sistemas de Informação de Chão de Fábrica para o suporte a tomada de decisão na manutenção,4,2010,2022,PESQUISA,['Eduardo Alves Portela Santos'],['SIM'],Pontifícia Universidade Católica do Paraná,020700000008
8664385553515842,Gestão e Organização por Processos - aplicação em Healthcare,5,2014,2022,PESQUISA,"['Eduardo Alves Portela Santos', 'Eduardo de Freitas Rocha Loures', 'José Eduardo Pécora Junior']","['SIM', 'NAO', 'NAO']",Pontifícia Universidade Católica do Paraná,020700000008
8664385553515842,Enterprise Interoperability Assessment - EIA,6,2013,ATUAL,PESQUISA,"['Eduardo Alves Portela Santos', 'Eduardo de Freitas Rocha Loures', 'Fernando Deschamps', 'Hervé Panetto', 'Lezoche, Mario']","['NAO', 'SIM', 'NAO', 'NAO', 'NAO']",Pontifícia Universidade Católica do Paraná,020700000008
8664385553515842,Proposição e desenvolvimento de um framework para a melhoria de processos da Renault do Brasil,7,2016,2017,PESQUISA,"['Eduardo Alves Portela Santos', 'Eduardo de Freitas Rocha Loures', 'Fernando Deschamps', 'Edson Pinheiro de Lima']","['SIM', 'NAO', 'NAO', 'NAO']",Pontifícia Universidade Católica do Paraná,020700000008
8664385553515842,Otimização no Gerenciamento de Ativos e Gerenciamento da Manutenção na Indústria 4.0,12,2017,ATUAL,DESENVOLVIMENTO,"['Eduardo Alves Portela Santos', 'Eduardo de Freitas Rocha Loures', 'Fernando Deschamps']","['NAO', 'SIM', 'NAO']",Pontifícia Universidade Católica do Paraná,020700000008
8664385553515842,Projeto de desenvolvimento de aplicações de monitoramento integradas envolvendo hardware customizável e plataforma de software de supervisão em nuvem,10,2017,ATUAL,DESENVOLVIMENTO,"['Eduardo Alves Portela Santos', 'Eduardo de Freitas Rocha Loures', 'Fernando Deschamps']","['SIM', 'NAO', 'NAO']",Pontifícia Universidade Católica do Paraná,020700000008
8664385553515842,Proposic&#807;a&#771;o de um programa de melhoria dos processos e base tecnolo&#769;gica da Renault do Brasil com base nos conceitos e requisitos da Indu&#769;stria 4.0.,9,2017,2018,DESENVOLVIMENTO,"['Eduardo Alves Portela Santos', 'Eduardo de Freitas Rocha Loures', 'Fernando Deschamps', 'Rodrigo Pierezan', 'Edson Pinheiro de Lima', 'SÉRGIO EDUARDO GOUVEA DA COSTA', 'Osiris Canciglieri', 'Marcelo Rudek', 'Anderson Luis Szejka', 'Ubiratã Tortato', 'Altair Olivo Santin', 'Carlos Silla']","['NAO', 'SIM', 'NAO', 'NAO', 'NAO', 'NAO', 'NAO', 'NAO', 'NAO', 'NAO', 'NAO', 'NAO']",Pontifícia Universidade Católica do Paraná,020700000008
8664385553515842,Project Management Analytics: exploração de técnicas de mineração de dados e processos para a análise de dados históricos de projetos,11,2017,ATUAL,DESENVOLVIMENTO,"['Eduardo Alves Portela Santos', 'Fernando Deschamps']","['NAO', 'SIM']",Pontifícia Universidade Católica do Paraná,020700000008
8664385553515842,Desenvolvimento de Dimensões de Análise (Analytics) e Decisionais no Gerenciamento de Ativos e Manutenção na Plataforma Manusis 4.0,13,2017,ATUAL,DESENVOLVIMENTO,"['Eduardo Alves Portela Santos', 'Eduardo de Freitas Rocha Loures', 'Fernando Deschamps', 'Rodrigo Pierezan', 'LIAO, YONG XIN']","['NAO', 'SIM', 'NAO', 'NAO', 'NAO']",Pontifícia Universidade Católica do Paraná,020700000008
8664385553515842,"Proposta de programa para o estudo, desenvolvimento e aplicação de novas tecnologias para o aprimoramento de processos com ênfase na melhoria da qualidade final dos produtos e aumento da eficiência produtiva da Renault do Brasil",10,2018,ATUAL,DESENVOLVIMENTO,"['Eduardo Alves Portela Santos', 'Eduardo de Freitas Rocha Loures', 'Fernando Deschamps', 'CANCIGLIERI, OSIRIS', 'Edson Pinheiro de Lima', 'Marcelo Rudek', 'Anderson Luis Szejka', 'Ubiratã Tortato', 'Altair Olivo Santin', 'Carlos Silla', 'Renê Bergel', 'Roberto Zanetti Freire']","['NAO', 'NAO', 'SIM', 'NAO', 'NAO', 'NAO', 'NAO', 'NAO', 'NAO', 'NAO', 'NAO', 'NAO']",Pontifícia Universidade Católica do Paraná,020700000008
8664385553515842,Sistema de Informação para o suporte a gestão de operações e manutenção,11,2018,ATUAL,DESENVOLVIMENTO,"['Eduardo Alves Portela Santos', 'Alex Meincheim', 'Cleiton Garcia']","['SIM', 'NAO', 'NAO']",Pontifícia Universidade Católica do Paraná,020700000008
8664385553515842,Proposição e desenvolvimento de um framework para a melhoria de processos da Renault do Brasil,12,2016,2017,DESENVOLVIMENTO,"['Eduardo Alves Portela Santos', 'Ricardo Alexandre Diogo', 'Fernando Deschamps', 'Ângelo Márcio de Oliveira SantÁnna', 'Osiris Canciglieri', 'Marcelo Rudek', 'Luciano Antonio Mendes']","['SIM', 'NAO', 'NAO', 'NAO', 'NAO', 'NAO', 'NAO']",Pontifícia Universidade Católica do Paraná,020700000008
8664385553515842,Soluções computacionais para suporte a gerenciamento da manutenção,14,2019,ATUAL,DESENVOLVIMENTO,"['Eduardo Alves Portela Santos', 'Rodrigo Pierezan', 'MAIORKI, HYGOR G.']","['SIM', 'NAO', 'NAO']",Pontifícia Universidade Católica do Paraná,020700000008
8664385553515842,Sistema de informação de chão de fábrica: técnicas e ferramentas para auxílio a gestão da manutenção,4,2010,ATUAL,DESENVOLVIMENTO,"['Eduardo Alves Portela Santos', 'Rodrigo Pierezan', 'Rolando Jacyr Kurscheidt Netto']","['SIM', 'NAO', 'NAO']",Pontifícia Universidade Católica do Paraná,020700000008
8664385553515842,Monitoramento Preditivo e Otimização: Direcionamento para Manufatura e Logística Inteligente,16,2024,ATUAL,PESQUISA,"['Eduardo Alves Portela Santos', 'DETRO, SILVANA PEREIRA']","['SIM', 'NAO']",Universidade Federal do Paraná,010300000003
8664385553515842,Mineração de Processos em Operações,15,2022,ATUAL,PESQUISA,"['Eduardo Alves Portela Santos', 'Renan Ribeiro do Prado', 'Ricardo Baiochi', 'JACIRA SALETE VIEIRA DOS SANTOS BERNARDI', 'JESSICA SOARES', 'ANNE CRISTINE BETONI CARDOSO', 'ANDRESSA ROVEDA']","['SIM', 'NAO', 'NAO', 'NAO', 'NAO', 'NAO', 'NAO']",Universidade Federal do Paraná,010300000003
8664385553515842,VAZIO,VAZIO,VAZIO,VAZIO,VAZIO,VAZIO,VAZIO,IEEE Transactions on Neural Networks and Learning Systems,000400000997
8664385553515842,VAZIO,VAZIO,VAZIO,VAZIO,VAZIO,VAZIO,VAZIO,INTERNATIONAL JOURNAL OF PRODUCTION ECONOMICS,000500000999
8664385553515842,VAZIO,VAZIO,VAZIO,VAZIO,VAZIO,VAZIO,VAZIO,INTERNATIONAL JOURNAL OF COMPUTER INTEGRATED MANUFACTURING,000600000990
8664385553515842,VAZIO,VAZIO,VAZIO,VAZIO,VAZIO,VAZIO,VAZIO,COMPUTER STANDARDS & INTERFACES,000700000992
8664385553515842,VAZIO,VAZIO,VAZIO,VAZIO,VAZIO,VAZIO,VAZIO,INTERNATIONAL JOURNAL OF PRODUCTION RESEARCH,000800000994
8664385553515842,VAZIO,VAZIO,VAZIO,VAZIO,VAZIO,VAZIO,VAZIO,Enterprise Information Systems,000900000996
8664385553515842,VAZIO,VAZIO,VAZIO,VAZIO,VAZIO,VAZIO,VAZIO,DATA & KNOWLEDGE ENGINEERING,001000000998
8664385553515842,VAZIO,VAZIO,VAZIO,VAZIO,VAZIO,VAZIO,VAZIO,JOURNAL OF INTELLIGENT MANUFACTURING,001100000990
8664385553515842,VAZIO,VAZIO,VAZIO,VAZIO,VAZIO,VAZIO,VAZIO,Fundação Araucária de Apoio ao Desenvolvimento Científico e Tecnológico,383900000009
